{"cameraMode":{"drawMode":0,"name":"Shaded","section":"Shading Mode"},"sceneLighting":false,"audioPlay":false,"sceneViewState":{"showFog":true,"showMaterialUpdate":false,"showSkybox":false,"showFlares":true,"showImageEffects":true,"showParticleSystems":true},"in2DMode":false,"pivot":{"x":0.4560000002384186,"y":1.7170000076293946,"z":0.6698335409164429},"rotation":{"x":0.06588924676179886,"y":0.9076334834098816,"z":-0.15562202036380769,"w":0.38426029682159426},"size":2.1910998821258547,"orthographic":false}