{"cameraMode":{"drawMode":0,"name":"Shaded","section":"Shading Mode"},"sceneLighting":true,"audioPlay":false,"sceneViewState":{"showFog":true,"showMaterialUpdate":false,"showSkybox":true,"showFlares":true,"showImageEffects":true,"showParticleSystems":true},"in2DMode":false,"pivot":{"x":0.09152868390083313,"y":4.577634334564209,"z":-26.136760711669923},"rotation":{"x":-0.032105281949043277,"y":-0.9664878845214844,"z":0.1508222073316574,"w":-0.20553036034107209},"size":443.37689208984377,"orthographic":false}