{"cameraMode":{"drawMode":0,"name":"Shaded","section":"Shading Mode"},"sceneLighting":false,"audioPlay":false,"sceneViewState":{"showFog":true,"showMaterialUpdate":false,"showSkybox":false,"showFlares":true,"showImageEffects":true,"showParticleSystems":true},"in2DMode":false,"pivot":{"x":12.649999618530274,"y":-0.3100000321865082,"z":24.959999084472658},"rotation":{"x":-0.11819327622652054,"y":0.8786264657974243,"z":-0.364568293094635,"w":-0.2848568856716156},"size":10.132379531860352,"orthographic":false}