{"cameraMode":{"drawMode":0,"name":"Shaded","section":"Shading Mode"},"sceneLighting":false,"audioPlay":false,"sceneViewState":{"showFog":true,"showMaterialUpdate":false,"showSkybox":false,"showFlares":true,"showImageEffects":true,"showParticleSystems":true},"in2DMode":false,"pivot":{"x":0.012387631461024285,"y":4.664978981018066,"z":61.047569274902347},"rotation":{"x":-0.17695696651935578,"y":0.7793503999710083,"z":-0.25293198227882388,"w":-0.5453013777732849},"size":9.047560691833496,"orthographic":false}