{"cameraMode":{"drawMode":0,"name":"Shaded","section":"Shading Mode"},"sceneLighting":true,"audioPlay":false,"sceneViewState":{"showFog":true,"showMaterialUpdate":false,"showSkybox":true,"showFlares":true,"showImageEffects":true,"showParticleSystems":true},"in2DMode":false,"pivot":{"x":0.10252761840820313,"y":-78.54600524902344,"z":82.79299926757813},"rotation":{"x":0.377109169960022,"y":-0.09510602802038193,"z":0.03899383544921875,"w":0.92054283618927},"size":200.71775817871095,"orthographic":false}