{"cameraMode":{"drawMode":0,"name":"Shaded","section":"Shading Mode"},"sceneLighting":true,"audioPlay":false,"sceneViewState":{"showFog":true,"showMaterialUpdate":false,"showSkybox":true,"showFlares":true,"showImageEffects":true,"showParticleSystems":true},"in2DMode":false,"pivot":{"x":-0.03713107109069824,"y":1.6355549097061158,"z":16.829998016357423},"rotation":{"x":-0.22163335978984834,"y":0.2489229291677475,"z":-0.05862075090408325,"w":-0.9410164952278137},"size":221.63661193847657,"orthographic":false}