{"cameraMode":{"drawMode":0,"name":"Shaded","section":"Shading Mode"},"sceneLighting":true,"audioPlay":false,"sceneViewState":{"showFog":true,"showMaterialUpdate":false,"showSkybox":true,"showFlares":true,"showImageEffects":true,"showParticleSystems":true},"in2DMode":false,"pivot":{"x":0.1290203332901001,"y":2.22572660446167,"z":-12.745648384094239},"rotation":{"x":-0.24867834150791169,"y":-0.351095587015152,"z":0.097289077937603,"w":-0.8974688649177551},"size":79.0501937866211,"orthographic":false}