{"cameraMode":{"drawMode":0,"name":"Shaded","section":"Shading Mode"},"sceneLighting":true,"audioPlay":false,"sceneViewState":{"showFog":true,"showMaterialUpdate":false,"showSkybox":true,"showFlares":true,"showImageEffects":true,"showParticleSystems":true},"in2DMode":false,"pivot":{"x":-1.2589807510375977,"y":2.7078208923339845,"z":-9.338895797729493},"rotation":{"x":-0.2811441123485565,"y":-0.5374387502670288,"z":0.19601066410541535,"w":-0.7705507874488831},"size":212.31256103515626,"orthographic":false}