{"cameraMode":{"drawMode":0,"name":"Shaded","section":"Shading Mode"},"sceneLighting":false,"audioPlay":false,"sceneViewState":{"showFog":true,"showMaterialUpdate":false,"showSkybox":false,"showFlares":true,"showImageEffects":true,"showParticleSystems":true},"in2DMode":false,"pivot":{"x":-0.03713059425354004,"y":4.782087326049805,"z":60.94999694824219},"rotation":{"x":0.017809201031923295,"y":0.9060521125793457,"z":-0.038368355482816699,"w":0.4211901128292084},"size":11.475839614868164,"orthographic":false}