{"cameraMode":{"drawMode":0,"name":"Shaded","section":"Shading Mode"},"sceneLighting":false,"audioPlay":false,"sceneViewState":{"showFog":true,"showMaterialUpdate":false,"showSkybox":false,"showFlares":true,"showImageEffects":true,"showParticleSystems":true},"in2DMode":false,"pivot":{"x":-6.366008758544922,"y":9.949999809265137,"z":201.47999572753907},"rotation":{"x":-0.22283267974853517,"y":-0.22916600108146668,"z":0.053901396691799167,"w":-0.9460354447364807},"size":2.867471218109131,"orthographic":false}