{"cameraMode":{"drawMode":0,"name":"Shaded","section":"Shading Mode"},"sceneLighting":false,"audioPlay":false,"sceneViewState":{"showFog":true,"showMaterialUpdate":false,"showSkybox":false,"showFlares":true,"showImageEffects":true,"showParticleSystems":true},"in2DMode":false,"pivot":{"x":-2.807988166809082,"y":0.5799999237060547,"z":-8.654693603515625},"rotation":{"x":-0.023995213210582734,"y":-0.9744192361831665,"z":0.18367348611354829,"w":-0.12728719413280488},"size":2.8578836917877199,"orthographic":false}