{"cameraMode":{"drawMode":0,"name":"Shaded","section":"Shading Mode"},"sceneLighting":true,"audioPlay":false,"sceneViewState":{"showFog":true,"showMaterialUpdate":false,"showSkybox":true,"showFlares":true,"showImageEffects":true,"showParticleSystems":true},"in2DMode":false,"pivot":{"x":0.27540910243988039,"y":1.8561872243881226,"z":46.287994384765628},"rotation":{"x":-0.03030528500676155,"y":0.0011520176194608212,"z":-0.000029183414881117642,"w":-0.99955153465271},"size":60.713626861572269,"orthographic":false}