{"cameraMode":{"drawMode":0,"name":"Shaded","section":"Shading Mode"},"sceneLighting":true,"audioPlay":false,"sceneViewState":{"showFog":true,"showMaterialUpdate":false,"showSkybox":true,"showFlares":true,"showImageEffects":true,"showParticleSystems":true},"in2DMode":false,"pivot":{"x":397.12469482421877,"y":181.61834716796876,"z":635.0257568359375},"rotation":{"x":-0.1429332196712494,"y":0.109664686024189,"z":-0.01595393568277359,"w":-0.9835959076881409},"size":1215.2945556640625,"orthographic":false}