{"cameraMode":{"drawMode":0,"name":"Shaded","section":"Shading Mode"},"sceneLighting":false,"audioPlay":false,"sceneViewState":{"showFog":true,"showMaterialUpdate":false,"showSkybox":false,"showFlares":true,"showImageEffects":true,"showParticleSystems":true},"in2DMode":false,"pivot":{"x":-0.44128066301345827,"y":-40.163291931152347,"z":218.9600067138672},"rotation":{"x":-0.1306019425392151,"y":-0.6483117341995239,"z":0.11411415040493012,"w":-0.7413937449455261},"size":1.6735749244689942,"orthographic":false}