{"cameraMode":{"drawMode":0,"name":"Shaded","section":"Shading Mode"},"sceneLighting":false,"audioPlay":false,"sceneViewState":{"showFog":true,"showMaterialUpdate":false,"showSkybox":false,"showFlares":true,"showImageEffects":true,"showParticleSystems":true},"in2DMode":false,"pivot":{"x":-2.807988166809082,"y":0.5799999237060547,"z":-8.654693603515625},"rotation":{"x":-0.0018617858877405525,"y":-0.9820900559425354,"z":0.18817229568958283,"w":-0.009717286564409733},"size":2.8578836917877199,"orthographic":false}