{"cameraMode":{"drawMode":0,"name":"Shaded","section":"Shading Mode"},"sceneLighting":true,"audioPlay":false,"sceneViewState":{"showFog":true,"showMaterialUpdate":false,"showSkybox":true,"showFlares":true,"showImageEffects":true,"showParticleSystems":true},"in2DMode":false,"pivot":{"x":549.7393798828125,"y":55.03483581542969,"z":277.035888671875},"rotation":{"x":-0.028804883360862733,"y":-0.0009027786436490715,"z":0.00002891393523896113,"w":-0.9995951056480408},"size":3744.25341796875,"orthographic":false}